{
  "DealsPage" : {
    "transaction" : "DealsPage",
    "sampleCount" : 15,
    "errorCount" : 15,
    "errorPct" : 100.0,
    "meanResTime" : 93.13333333333333,
    "medianResTime" : 76.0,
    "minResTime" : 45.0,
    "maxResTime" : 227.0,
    "pct1ResTime" : 204.20000000000002,
    "pct2ResTime" : 227.0,
    "pct3ResTime" : 227.0,
    "throughput" : 3.451449608835711,
    "receivedKBytesPerSec" : 6.47798442533364,
    "sentKBytesPerSec" : 1.7688679245283019
  },
  "CardsPage" : {
    "transaction" : "CardsPage",
    "sampleCount" : 15,
    "errorCount" : 5,
    "errorPct" : 33.333332,
    "meanResTime" : 1754.4,
    "medianResTime" : 1883.0,
    "minResTime" : 805.0,
    "maxResTime" : 3832.0,
    "pct1ResTime" : 3092.2000000000003,
    "pct2ResTime" : 3832.0,
    "pct3ResTime" : 3832.0,
    "throughput" : 2.909796314258002,
    "receivedKBytesPerSec" : 524.5779279825412,
    "sentKBytesPerSec" : 1.8919359238603297
  },
  "Total" : {
    "transaction" : "Total",
    "sampleCount" : 45,
    "errorCount" : 33,
    "errorPct" : 73.333336,
    "meanResTime" : 1769.0888888888885,
    "medianResTime" : 1554.0,
    "minResTime" : 45.0,
    "maxResTime" : 5717.0,
    "pct1ResTime" : 4797.199999999999,
    "pct2ResTime" : 5567.899999999999,
    "pct3ResTime" : 5717.0,
    "throughput" : 4.258137774413323,
    "receivedKBytesPerSec" : 548.5808425198713,
    "sentKBytesPerSec" : 1.8706975066237699
  },
  "RegisterPage" : {
    "transaction" : "RegisterPage",
    "sampleCount" : 15,
    "errorCount" : 13,
    "errorPct" : 86.666664,
    "meanResTime" : 3459.7333333333327,
    "medianResTime" : 3018.0,
    "minResTime" : 1530.0,
    "maxResTime" : 5717.0,
    "pct1ResTime" : 5695.4,
    "pct2ResTime" : 5717.0,
    "pct3ResTime" : 5717.0,
    "throughput" : 1.5812776723592663,
    "receivedKBytesPerSec" : 323.1129880547649,
    "sentKBytesPerSec" : 0.245530419829222
  }
}